{"cameraMode":{"drawMode":0,"name":"Shaded","section":"Shading Mode"},"sceneLighting":true,"audioPlay":false,"sceneViewState":{"showFog":true,"showMaterialUpdate":false,"showSkybox":true,"showFlares":true,"showImageEffects":true,"showParticleSystems":true},"in2DMode":false,"pivot":{"x":0.057126522064208987,"y":0.7234045267105103,"z":-0.0000011920928955078126},"rotation":{"x":-0.4254845976829529,"y":-0.003804278327152133,"z":0.001787250628694892,"w":-0.9049559235572815},"size":3.450381278991699,"orthographic":false}