{"cameraMode":{"drawMode":0,"name":"Shaded","section":"Shading Mode"},"sceneLighting":true,"audioPlay":false,"sceneViewState":{"showFog":true,"showMaterialUpdate":false,"showSkybox":true,"showFlares":true,"showImageEffects":true,"showParticleSystems":true},"in2DMode":false,"pivot":{"x":-0.026599884033203126,"y":0.631350040435791,"z":0.5770756006240845},"rotation":{"x":-0.16540642082691194,"y":-0.0617968812584877,"z":0.010385711677372456,"w":-0.9842327237129211},"size":3.5372910499572756,"orthographic":false}