{"cameraMode":{"drawMode":0,"name":"Shaded","section":"Shading Mode"},"sceneLighting":true,"audioPlay":false,"sceneViewState":{"showFog":true,"showMaterialUpdate":false,"showSkybox":true,"showFlares":true,"showImageEffects":true,"showParticleSystems":true},"in2DMode":false,"pivot":{"x":-0.22200000286102296,"y":0.0,"z":0.5699999928474426},"rotation":{"x":0.1302153617143631,"y":0.2156122773885727,"z":-0.029022060334682466,"w":0.967322587966919},"size":7.242816925048828,"orthographic":false}