{"cameraMode":{"drawMode":0,"name":"Shaded","section":"Shading Mode"},"sceneLighting":true,"audioPlay":false,"sceneViewState":{"showFog":true,"showMaterialUpdate":false,"showSkybox":true,"showFlares":true,"showImageEffects":true,"showParticleSystems":true},"in2DMode":false,"pivot":{"x":-0.049205482006073,"y":0.631350040435791,"z":0.0},"rotation":{"x":-0.15959441661834718,"y":-0.051510173827409747,"z":0.008339529857039452,"w":-0.9858025908470154},"size":4.109039306640625,"orthographic":false}