{"cameraMode":{"drawMode":0,"name":"Shaded","section":"Shading Mode"},"sceneLighting":true,"audioPlay":false,"sceneViewState":{"showFog":true,"showMaterialUpdate":false,"showSkybox":true,"showFlares":true,"showImageEffects":true,"showParticleSystems":true},"in2DMode":false,"pivot":{"x":1147.5999755859375,"y":819.6500244140625,"z":0.0},"rotation":{"x":-0.12913194298744203,"y":-0.1917928159236908,"z":0.02546343207359314,"w":-0.9725698828697205},"size":116.28509521484375,"orthographic":false}