{"cameraMode":{"drawMode":0,"name":"Shaded","section":"Shading Mode"},"sceneLighting":true,"audioPlay":false,"sceneViewState":{"showFog":true,"showMaterialUpdate":false,"showSkybox":true,"showFlares":true,"showImageEffects":true,"showParticleSystems":true},"in2DMode":false,"pivot":{"x":956.2999877929688,"y":828.1729736328125,"z":0.0},"rotation":{"x":-0.05247693508863449,"y":0.0032922097016125919,"z":-0.00017432798631489277,"w":-0.9986166954040527},"size":219.30926513671876,"orthographic":false}