{"cameraMode":{"drawMode":0,"name":"Shaded","section":"Shading Mode"},"sceneLighting":true,"audioPlay":false,"sceneViewState":{"showFog":true,"showMaterialUpdate":false,"showSkybox":true,"showFlares":true,"showImageEffects":true,"showParticleSystems":true},"in2DMode":false,"pivot":{"x":-3.2999916076660158,"y":5.781883239746094,"z":-0.000022649765014648438},"rotation":{"x":-0.1283525824546814,"y":-0.0665956437587738,"z":0.008639270439743996,"w":-0.9894524216651917},"size":19.641592025756837,"orthographic":false}