{"cameraMode":{"drawMode":0,"name":"Shaded","section":"Shading Mode"},"sceneLighting":true,"audioPlay":false,"sceneViewState":{"showFog":true,"showMaterialUpdate":false,"showSkybox":true,"showFlares":true,"showImageEffects":true,"showParticleSystems":true},"in2DMode":false,"pivot":{"x":187.7889404296875,"y":749.11279296875,"z":-30.9197998046875},"rotation":{"x":-0.196538507938385,"y":-0.040876444429159167,"z":0.008202760480344296,"w":-0.9796093702316284},"size":945.7493286132813,"orthographic":false}