{"cameraMode":{"drawMode":0,"name":"Shaded","section":"Shading Mode"},"sceneLighting":true,"audioPlay":false,"sceneViewState":{"showFog":true,"showMaterialUpdate":false,"showSkybox":true,"showFlares":true,"showImageEffects":true,"showParticleSystems":true},"in2DMode":false,"pivot":{"x":483.6073913574219,"y":680.7306518554688,"z":-13.938203811645508},"rotation":{"x":-0.03148938715457916,"y":0.01978478953242302,"z":-0.0006224464741535485,"w":-0.9993080496788025},"size":1707.8857421875,"orthographic":false}